{
  "num_queries": 15,
  "success_rate": 1.0,
  "avg_faithfulness": 0.9266666666666666,
  "avg_answer_relevancy": 0.9533333333333334,
  "avg_context_precision": 0.9611111111111111,
  "avg_context_recall": 1.0,
  "avg_overall_score": 0.9602777777777778,
  "avg_latency_ms": 625.4356384277344,
  "strategy_distribution": {
    "vector": 11,
    "graph": 4
  }
}